"count","entity_id","time_stamp","entity_url","experiment_id","entity_category","entity_set","Baseline","Boring_Combined","Boring_Dem","Boring_Diff","Boring_Rep","Familiar_Combined","Familiar_Dem","Familiar_Diff","Familiar_Rep","Importance_Combined","Importance_Dem","Importance_Diff","Importance_Rep","Likelihood_Combined","Likelihood_Dem","Likelihood_Diff","Likelihood_Rep","Partisanship_Combined","Partisanship_Dem","Partisanship_Diff","Partisanship_Rep","PosViewed_Baseline","PosViewed_Combined","PosViewed_Dem","PosViewed_Diff","PosViewed_Rep","Positive_Combined","Positive_Combined.1","Positive_Dem","Positive_Dem.1","Positive_Diff","Positive_Diff.1","Positive_Rep","Positive_Rep.1","Sensational_Combined","Sensational_Dem","Sensational_Diff","Sensational_Rep","Sharing_Combined","Sharing_Dem","Sharing_Diff","Sharing_Rep","headline","political_lean","ranking"
"31","22apr25_willsmith_0WiIf","1650911631298","https://ucarecdn.com/91df51bd-b042-4b7d-9549-a97bc139f6ce/","130.44.130.16","sensational","22apr25_willsmith","null","null","null","null","null","null","null","null","null","null","null","null","null","null","null","null","null","null","null","null","null","null","null","null","null","null","null","null","null","null","null","null","null","null","null","null","null","null","null","null","null","null","null","null","1"
"4","22apr25_willsmith_0XCs9","1650911631298","https://ucarecdn.com/4d3a7193-dc1d-47f7-ba09-b5612b641d5c/","130.44.130.16","sensational","22apr25_willsmith","null","null","null","null","null","null","null","null","null","null","null","null","null","null","null","null","null","null","null","null","null","null","null","null","null","null","null","null","null","null","null","null","null","null","null","null","null","null","null","null","null","null","null","null","0"
"6","22apr25_willsmith_1JDBl","1650911631298","https://ucarecdn.com/919f4930-76f8-458b-9b03-899704e49108/","130.44.130.16","sensational","22apr25_willsmith","null","null","null","null","null","null","null","null","null","null","null","null","null","null","null","null","null","null","null","null","null","null","null","null","null","null","null","null","null","null","null","null","null","null","null","null","null","null","null","null","null","null","null","null","0"
"8","22apr25_willsmith_2IX6u","1650911631298","https://ucarecdn.com/6aed0833-9325-4aba-93cf-f34a854507bc/","130.44.130.16","sensational","22apr25_willsmith","null","null","null","null","null","null","null","null","null","null","null","null","null","null","null","null","null","null","null","null","null","null","null","null","null","null","null","null","null","null","null","null","null","null","null","null","null","null","null","null","null","null","null","null","0"
"9","22apr25_willsmith_36MqD","1650911631298","https://ucarecdn.com/2e53a646-2588-4f65-8297-26b7412e2c46/","130.44.130.16","sensational","22apr25_willsmith","null","null","null","null","null","null","null","null","null","null","null","null","null","null","null","null","null","null","null","null","null","null","null","null","null","null","null","null","null","null","null","null","null","null","null","null","null","null","null","null","null","null","null","null","0"
"5","22apr25_willsmith_3jrw8","1650911631298","https://ucarecdn.com/0d591cf8-63c3-42d6-a5a7-281d7e2f1d19/","130.44.130.16","sensational","22apr25_willsmith","null","null","null","null","null","null","null","null","null","null","null","null","null","null","null","null","null","null","null","null","null","null","null","null","null","null","null","null","null","null","null","null","null","null","null","null","null","null","null","null","null","null","null","null","0"
"10","22apr25_willsmith_4r5Ty","1650911631298","https://ucarecdn.com/8613d0c0-4a85-490a-a28c-a78baa66d2ae/","130.44.130.16","sensational","22apr25_willsmith","null","null","null","null","null","null","null","null","null","null","null","null","null","null","null","null","null","null","null","null","null","null","null","null","null","null","null","null","null","null","null","null","null","null","null","null","null","null","null","null","null","null","null","null","0"
"6","22apr25_willsmith_59IC5","1650911631298","https://ucarecdn.com/370850e6-6a9d-4bfa-adb5-f99aaccbf09f/","130.44.130.16","sensational","22apr25_willsmith","null","null","null","null","null","null","null","null","null","null","null","null","null","null","null","null","null","null","null","null","null","null","null","null","null","null","null","null","null","null","null","null","null","null","null","null","null","null","null","null","null","null","null","null","0"
"7","22apr25_willsmith_6BHmy","1650911631298","https://ucarecdn.com/f5e9e745-9860-4278-9c17-88adc96e1072/","130.44.130.16","sensational","22apr25_willsmith","null","null","null","null","null","null","null","null","null","null","null","null","null","null","null","null","null","null","null","null","null","null","null","null","null","null","null","null","null","null","null","null","null","null","null","null","null","null","null","null","null","null","null","null","0"
"4","22apr25_willsmith_6cIqs","1650911631298","https://ucarecdn.com/7ba8b094-4759-42a0-8e70-de50d5629ddb/","130.44.130.16","sensational","22apr25_willsmith","null","null","null","null","null","null","null","null","null","null","null","null","null","null","null","null","null","null","null","null","null","null","null","null","null","null","null","null","null","null","null","null","null","null","null","null","null","null","null","null","null","null","null","null","0"
"10","22apr25_willsmith_6HNLG","1650911631298","https://ucarecdn.com/36131082-4f3b-4ff7-a02d-4dbe2ed28024/","130.44.130.16","sensational","22apr25_willsmith","null","null","null","null","null","null","null","null","null","null","null","null","null","null","null","null","null","null","null","null","null","null","null","null","null","null","null","null","null","null","null","null","null","null","null","null","null","null","null","null","null","null","null","null","0"
"6","22apr25_willsmith_6JOQa","1650911631298","https://ucarecdn.com/c8daac3f-154b-430d-8c5b-3d363ae2f3d6/","130.44.130.16","sensational","22apr25_willsmith","null","null","null","null","null","null","null","null","null","null","null","null","null","null","null","null","null","null","null","null","null","null","null","null","null","null","null","null","null","null","null","null","null","null","null","null","null","null","null","null","null","null","null","null","0"
"5","22apr25_willsmith_6vkpv","1650911631298","https://ucarecdn.com/43510f8a-1ad3-4248-833b-b2188d990fec/","130.44.130.16","sensational","22apr25_willsmith","null","null","null","null","null","null","null","null","null","null","null","null","null","null","null","null","null","null","null","null","null","null","null","null","null","null","null","null","null","null","null","null","null","null","null","null","null","null","null","null","null","null","null","null","0"
"5","22apr25_willsmith_73LtE","1650911631298","https://ucarecdn.com/68790b17-e6d8-44e5-8825-7152046235c0/","130.44.130.16","sensational","22apr25_willsmith","null","null","null","null","null","null","null","null","null","null","null","null","null","null","null","null","null","null","null","null","null","null","null","null","null","null","null","null","null","null","null","null","null","null","null","null","null","null","null","null","null","null","null","null","0"
"7","22apr25_willsmith_8DxaL","1650911631298","https://ucarecdn.com/4d649e69-031e-463e-9bcf-a900156861e8/","130.44.130.16","sensational","22apr25_willsmith","null","null","null","null","null","null","null","null","null","null","null","null","null","null","null","null","null","null","null","null","null","null","null","null","null","null","null","null","null","null","null","null","null","null","null","null","null","null","null","null","null","null","null","null","0"
"8","22apr25_willsmith_9NJyO","1650911631298","https://ucarecdn.com/b0f380eb-044f-4bf4-9257-d07f4cb6122f/","130.44.130.16","sensational","22apr25_willsmith","null","null","null","null","null","null","null","null","null","null","null","null","null","null","null","null","null","null","null","null","null","null","null","null","null","null","null","null","null","null","null","null","null","null","null","null","null","null","null","null","null","null","null","null","0"
"8","22apr25_willsmith_9NxxS","1650911631298","https://ucarecdn.com/ae2e7c4d-ed64-4029-ad4a-b60e239f5c65/","130.44.130.16","sensational","22apr25_willsmith","null","null","null","null","null","null","null","null","null","null","null","null","null","null","null","null","null","null","null","null","null","null","null","null","null","null","null","null","null","null","null","null","null","null","null","null","null","null","null","null","null","null","null","null","0"
"6","22apr25_willsmith_9S8wL","1650911631298","https://ucarecdn.com/2f46e522-b010-4fa1-b618-86b4aa48b626/","130.44.130.16","sensational","22apr25_willsmith","null","null","null","null","null","null","null","null","null","null","null","null","null","null","null","null","null","null","null","null","null","null","null","null","null","null","null","null","null","null","null","null","null","null","null","null","null","null","null","null","null","null","null","null","0"
"6","22apr25_willsmith_A6qZM","1650911631298","https://ucarecdn.com/888fb1d6-9882-4fca-8222-e8fefe6f95c5/","130.44.130.16","sensational","22apr25_willsmith","null","null","null","null","null","null","null","null","null","null","null","null","null","null","null","null","null","null","null","null","null","null","null","null","null","null","null","null","null","null","null","null","null","null","null","null","null","null","null","null","null","null","null","null","0"
"7","22apr25_willsmith_AUorr","1650911631298","https://ucarecdn.com/308499b3-8093-489d-99c5-7df9fb83d6cb/","130.44.130.16","sensational","22apr25_willsmith","null","null","null","null","null","null","null","null","null","null","null","null","null","null","null","null","null","null","null","null","null","null","null","null","null","null","null","null","null","null","null","null","null","null","null","null","null","null","null","null","null","null","null","null","0"
"7","22apr25_willsmith_B7p33","1650911631298","https://ucarecdn.com/6e98b99d-0f67-4dc9-90be-b59ace258b79/","130.44.130.16","sensational","22apr25_willsmith","null","null","null","null","null","null","null","null","null","null","null","null","null","null","null","null","null","null","null","null","null","null","null","null","null","null","null","null","null","null","null","null","null","null","null","null","null","null","null","null","null","null","null","null","0"
"6","22apr25_willsmith_bLqSR","1650911631298","https://ucarecdn.com/52f0111a-207a-45e5-9b3d-7001d3d55e93/","130.44.130.16","sensational","22apr25_willsmith","null","null","null","null","null","null","null","null","null","null","null","null","null","null","null","null","null","null","null","null","null","null","null","null","null","null","null","null","null","null","null","null","null","null","null","null","null","null","null","null","null","null","null","null","0"
"5","22apr25_willsmith_DKjbO","1650911631298","https://ucarecdn.com/9c63ae9d-a61d-47d5-a509-1531f3949e2d/","130.44.130.16","sensational","22apr25_willsmith","null","null","null","null","null","null","null","null","null","null","null","null","null","null","null","null","null","null","null","null","null","null","null","null","null","null","null","null","null","null","null","null","null","null","null","null","null","null","null","null","null","null","null","null","0"
"7","22apr25_willsmith_egNy2","1650911631298","https://ucarecdn.com/834c270e-c054-4dd0-ad76-5d07cf2b70a9/","130.44.130.16","sensational","22apr25_willsmith","null","null","null","null","null","null","null","null","null","null","null","null","null","null","null","null","null","null","null","null","null","null","null","null","null","null","null","null","null","null","null","null","null","null","null","null","null","null","null","null","null","null","null","null","0"
"4","22apr25_willsmith_EPXMp","1650911631298","https://ucarecdn.com/bfd88251-9650-43c3-9ab2-990be8035938/","130.44.130.16","sensational","22apr25_willsmith","null","null","null","null","null","null","null","null","null","null","null","null","null","null","null","null","null","null","null","null","null","null","null","null","null","null","null","null","null","null","null","null","null","null","null","null","null","null","null","null","null","null","null","null","0"
"6","22apr25_willsmith_g3nyk","1650911631298","https://ucarecdn.com/f273a435-8c29-4808-bd93-a79c48127ab4/","130.44.130.16","sensational","22apr25_willsmith","null","null","null","null","null","null","null","null","null","null","null","null","null","null","null","null","null","null","null","null","null","null","null","null","null","null","null","null","null","null","null","null","null","null","null","null","null","null","null","null","null","null","null","null","0"
"8","22apr25_willsmith_hdHVZ","1650911631298","https://ucarecdn.com/251689af-d8c7-40f8-9a49-d173133b1abb/","130.44.130.16","sensational","22apr25_willsmith","null","null","null","null","null","null","null","null","null","null","null","null","null","null","null","null","null","null","null","null","null","null","null","null","null","null","null","null","null","null","null","null","null","null","null","null","null","null","null","null","null","null","null","null","0"
"5","22apr25_willsmith_HmIDC","1650911631298","https://ucarecdn.com/d82ea38e-01cf-4107-94cc-a44b73928bf2/","130.44.130.16","sensational","22apr25_willsmith","null","null","null","null","null","null","null","null","null","null","null","null","null","null","null","null","null","null","null","null","null","null","null","null","null","null","null","null","null","null","null","null","null","null","null","null","null","null","null","null","null","null","null","null","0"
"7","22apr25_willsmith_hr008","1650911631298","https://ucarecdn.com/91218c78-f7f7-4f9f-bc73-8df6234e6a89/","130.44.130.16","sensational","22apr25_willsmith","null","null","null","null","null","null","null","null","null","null","null","null","null","null","null","null","null","null","null","null","null","null","null","null","null","null","null","null","null","null","null","null","null","null","null","null","null","null","null","null","null","null","null","null","0"
"5","22apr25_willsmith_i0MBr","1650911631298","https://ucarecdn.com/66299dea-d503-4559-a083-1c093620e9d0/","130.44.130.16","sensational","22apr25_willsmith","null","null","null","null","null","null","null","null","null","null","null","null","null","null","null","null","null","null","null","null","null","null","null","null","null","null","null","null","null","null","null","null","null","null","null","null","null","null","null","null","null","null","null","null","0"
"8","22apr25_willsmith_iUxho","1650911631298","https://ucarecdn.com/ff340f6e-6c66-4d04-823f-be518a848579/","130.44.130.16","sensational","22apr25_willsmith","null","null","null","null","null","null","null","null","null","null","null","null","null","null","null","null","null","null","null","null","null","null","null","null","null","null","null","null","null","null","null","null","null","null","null","null","null","null","null","null","null","null","null","null","0"
"6","22apr25_willsmith_ivVu7","1650911631298","https://ucarecdn.com/20a3b91a-1bd0-4d3e-80fe-39d3f62b8594/","130.44.130.16","sensational","22apr25_willsmith","null","null","null","null","null","null","null","null","null","null","null","null","null","null","null","null","null","null","null","null","null","null","null","null","null","null","null","null","null","null","null","null","null","null","null","null","null","null","null","null","null","null","null","null","0"
"9","22apr25_willsmith_jNCoK","1650911631298","https://ucarecdn.com/f2d6cdd8-6e10-4955-b5d9-62ca590e9a39/","130.44.130.16","sensational","22apr25_willsmith","null","null","null","null","null","null","null","null","null","null","null","null","null","null","null","null","null","null","null","null","null","null","null","null","null","null","null","null","null","null","null","null","null","null","null","null","null","null","null","null","null","null","null","null","0"
"9","22apr25_willsmith_kc58C","1650911631298","https://ucarecdn.com/f28102c9-b6ed-4390-adf9-723efe0960ae/","130.44.130.16","sensational","22apr25_willsmith","null","null","null","null","null","null","null","null","null","null","null","null","null","null","null","null","null","null","null","null","null","null","null","null","null","null","null","null","null","null","null","null","null","null","null","null","null","null","null","null","null","null","null","null","0"
"6","22apr25_willsmith_kWIoW","1650911631298","https://ucarecdn.com/62a1704f-f1e4-4d55-bb6f-36f9b0824027/","130.44.130.16","sensational","22apr25_willsmith","null","null","null","null","null","null","null","null","null","null","null","null","null","null","null","null","null","null","null","null","null","null","null","null","null","null","null","null","null","null","null","null","null","null","null","null","null","null","null","null","null","null","null","null","0"
"9","22apr25_willsmith_KZ822","1650911631298","https://ucarecdn.com/5ed53904-8b9f-40aa-9842-70ba9460934d/","130.44.130.16","sensational","22apr25_willsmith","null","null","null","null","null","null","null","null","null","null","null","null","null","null","null","null","null","null","null","null","null","null","null","null","null","null","null","null","null","null","null","null","null","null","null","null","null","null","null","null","null","null","null","null","0"
"7","22apr25_willsmith_L6Yvn","1650911631298","https://ucarecdn.com/6987bf5c-9c37-4566-b299-ab9c0674ecca/","130.44.130.16","sensational","22apr25_willsmith","null","null","null","null","null","null","null","null","null","null","null","null","null","null","null","null","null","null","null","null","null","null","null","null","null","null","null","null","null","null","null","null","null","null","null","null","null","null","null","null","null","null","null","null","0"
"7","22apr25_willsmith_LCocE","1650911631298","https://ucarecdn.com/8ab1a243-6f98-4054-8ceb-f105848485e1/","130.44.130.16","sensational","22apr25_willsmith","null","null","null","null","null","null","null","null","null","null","null","null","null","null","null","null","null","null","null","null","null","null","null","null","null","null","null","null","null","null","null","null","null","null","null","null","null","null","null","null","null","null","null","null","0"
"6","22apr25_willsmith_LDcfV","1650911631298","https://ucarecdn.com/11342f92-418e-4419-9c85-f099870acbc9/","130.44.130.16","sensational","22apr25_willsmith","null","null","null","null","null","null","null","null","null","null","null","null","null","null","null","null","null","null","null","null","null","null","null","null","null","null","null","null","null","null","null","null","null","null","null","null","null","null","null","null","null","null","null","null","0"
"7","22apr25_willsmith_lfL61","1650911631298","https://ucarecdn.com/80b97767-2784-4474-9c53-5ab95838e6f4/","130.44.130.16","sensational","22apr25_willsmith","null","null","null","null","null","null","null","null","null","null","null","null","null","null","null","null","null","null","null","null","null","null","null","null","null","null","null","null","null","null","null","null","null","null","null","null","null","null","null","null","null","null","null","null","0"
"6","22apr25_willsmith_litl5","1650911631298","https://ucarecdn.com/ce91ef52-af1f-4688-ae22-888654da4921/","130.44.130.16","sensational","22apr25_willsmith","null","null","null","null","null","null","null","null","null","null","null","null","null","null","null","null","null","null","null","null","null","null","null","null","null","null","null","null","null","null","null","null","null","null","null","null","null","null","null","null","null","null","null","null","0"
"6","22apr25_willsmith_mVcA1","1650911631298","https://ucarecdn.com/04cd3834-cc3b-474e-a028-fc102d79d3fe/","130.44.130.16","sensational","22apr25_willsmith","null","null","null","null","null","null","null","null","null","null","null","null","null","null","null","null","null","null","null","null","null","null","null","null","null","null","null","null","null","null","null","null","null","null","null","null","null","null","null","null","null","null","null","null","0"
"6","22apr25_willsmith_N4l6M","1650911631298","https://ucarecdn.com/a08fa2e4-44fd-4d77-88dd-b7a4488f0d56/","130.44.130.16","sensational","22apr25_willsmith","null","null","null","null","null","null","null","null","null","null","null","null","null","null","null","null","null","null","null","null","null","null","null","null","null","null","null","null","null","null","null","null","null","null","null","null","null","null","null","null","null","null","null","null","0"
"8","22apr25_willsmith_N4nYc","1650911631298","https://ucarecdn.com/b93ca039-a70f-4642-a056-686d2ff5ca7f/","130.44.130.16","sensational","22apr25_willsmith","null","null","null","null","null","null","null","null","null","null","null","null","null","null","null","null","null","null","null","null","null","null","null","null","null","null","null","null","null","null","null","null","null","null","null","null","null","null","null","null","null","null","null","null","0"
"10","22apr25_willsmith_Nk6T2","1650911631298","https://ucarecdn.com/d39eb405-e125-4133-b8f7-a2aab8d12f9d/","130.44.130.16","sensational","22apr25_willsmith","null","null","null","null","null","null","null","null","null","null","null","null","null","null","null","null","null","null","null","null","null","null","null","null","null","null","null","null","null","null","null","null","null","null","null","null","null","null","null","null","null","null","null","null","0"
"6","22apr25_willsmith_oGFPt","1650911631298","https://ucarecdn.com/a31ea1a7-1652-4653-aa26-5a28fcc34962/","130.44.130.16","sensational","22apr25_willsmith","null","null","null","null","null","null","null","null","null","null","null","null","null","null","null","null","null","null","null","null","null","null","null","null","null","null","null","null","null","null","null","null","null","null","null","null","null","null","null","null","null","null","null","null","0"
"8","22apr25_willsmith_P2zZH","1650911631298","https://ucarecdn.com/f6bf7d16-2f0c-4071-ab1b-6291a585071a/","130.44.130.16","sensational","22apr25_willsmith","null","null","null","null","null","null","null","null","null","null","null","null","null","null","null","null","null","null","null","null","null","null","null","null","null","null","null","null","null","null","null","null","null","null","null","null","null","null","null","null","null","null","null","null","0"
"8","22apr25_willsmith_PDfQE","1650911631298","https://ucarecdn.com/7b3b6584-7d01-4b60-bcd6-47e5ab303ba2/","130.44.130.16","sensational","22apr25_willsmith","null","null","null","null","null","null","null","null","null","null","null","null","null","null","null","null","null","null","null","null","null","null","null","null","null","null","null","null","null","null","null","null","null","null","null","null","null","null","null","null","null","null","null","null","0"
"6","22apr25_willsmith_Pn3HV","1650911631298","https://ucarecdn.com/6f0dc985-dbd7-4cba-91ab-3a1ff887830d/","130.44.130.16","sensational","22apr25_willsmith","null","null","null","null","null","null","null","null","null","null","null","null","null","null","null","null","null","null","null","null","null","null","null","null","null","null","null","null","null","null","null","null","null","null","null","null","null","null","null","null","null","null","null","null","0"
"4","22apr25_willsmith_pS0eR","1650911631298","https://ucarecdn.com/d0144617-0017-4452-a7ad-68a9b6272323/","130.44.130.16","sensational","22apr25_willsmith","null","null","null","null","null","null","null","null","null","null","null","null","null","null","null","null","null","null","null","null","null","null","null","null","null","null","null","null","null","null","null","null","null","null","null","null","null","null","null","null","null","null","null","null","0"
"9","22apr25_willsmith_pUmJF","1650911631298","https://ucarecdn.com/a2fa6d16-d481-4487-bf92-8a66dcdd3df2/","130.44.130.16","sensational","22apr25_willsmith","null","null","null","null","null","null","null","null","null","null","null","null","null","null","null","null","null","null","null","null","null","null","null","null","null","null","null","null","null","null","null","null","null","null","null","null","null","null","null","null","null","null","null","null","0"
"5","22apr25_willsmith_Q45YI","1650911631298","https://ucarecdn.com/ee1fe1b4-1adf-4f89-b8ca-7622f17c8b21/","130.44.130.16","sensational","22apr25_willsmith","null","null","null","null","null","null","null","null","null","null","null","null","null","null","null","null","null","null","null","null","null","null","null","null","null","null","null","null","null","null","null","null","null","null","null","null","null","null","null","null","null","null","null","null","0"
"8","22apr25_willsmith_qGIVR","1650911631298","https://ucarecdn.com/f1f84357-af2f-4a0e-997e-d6e1bbd3b07c/","130.44.130.16","sensational","22apr25_willsmith","null","null","null","null","null","null","null","null","null","null","null","null","null","null","null","null","null","null","null","null","null","null","null","null","null","null","null","null","null","null","null","null","null","null","null","null","null","null","null","null","null","null","null","null","0"
"4","22apr25_willsmith_qGSXf","1650911631298","https://ucarecdn.com/c4f4111d-312a-4c17-8f31-2a94f58b3af2/","130.44.130.16","sensational","22apr25_willsmith","null","null","null","null","null","null","null","null","null","null","null","null","null","null","null","null","null","null","null","null","null","null","null","null","null","null","null","null","null","null","null","null","null","null","null","null","null","null","null","null","null","null","null","null","0"
"8","22apr25_willsmith_qgYL2","1650911631298","https://ucarecdn.com/df8fc28d-023c-4cb4-8e8f-7c289ac08c0c/","130.44.130.16","sensational","22apr25_willsmith","null","null","null","null","null","null","null","null","null","null","null","null","null","null","null","null","null","null","null","null","null","null","null","null","null","null","null","null","null","null","null","null","null","null","null","null","null","null","null","null","null","null","null","null","0"
"6","22apr25_willsmith_RuQ3J","1650911631298","https://ucarecdn.com/ccdf1bea-7bee-47cf-a7c7-309221be3f02/","130.44.130.16","sensational","22apr25_willsmith","null","null","null","null","null","null","null","null","null","null","null","null","null","null","null","null","null","null","null","null","null","null","null","null","null","null","null","null","null","null","null","null","null","null","null","null","null","null","null","null","null","null","null","null","0"
"4","22apr25_willsmith_RUtF1","1650911631298","https://ucarecdn.com/ed1d21d6-cdee-4ed3-b87e-b98f18ba83fc/","130.44.130.16","sensational","22apr25_willsmith","null","null","null","null","null","null","null","null","null","null","null","null","null","null","null","null","null","null","null","null","null","null","null","null","null","null","null","null","null","null","null","null","null","null","null","null","null","null","null","null","null","null","null","null","0"
"6","22apr25_willsmith_rWICa","1650911631298","https://ucarecdn.com/1d54f287-a770-40c5-8702-485fb20128eb/","130.44.130.16","sensational","22apr25_willsmith","null","null","null","null","null","null","null","null","null","null","null","null","null","null","null","null","null","null","null","null","null","null","null","null","null","null","null","null","null","null","null","null","null","null","null","null","null","null","null","null","null","null","null","null","0"
"10","22apr25_willsmith_ryMQV","1650911631298","https://ucarecdn.com/bb9ebd8e-fd46-462c-bbae-fde58c1b8a7d/","130.44.130.16","sensational","22apr25_willsmith","null","null","null","null","null","null","null","null","null","null","null","null","null","null","null","null","null","null","null","null","null","null","null","null","null","null","null","null","null","null","null","null","null","null","null","null","null","null","null","null","null","null","null","null","0"
"5","22apr25_willsmith_SKzN1","1650911631298","https://ucarecdn.com/ff1e1692-5636-4a46-a7c9-5496e5f5a2ca/","130.44.130.16","sensational","22apr25_willsmith","null","null","null","null","null","null","null","null","null","null","null","null","null","null","null","null","null","null","null","null","null","null","null","null","null","null","null","null","null","null","null","null","null","null","null","null","null","null","null","null","null","null","null","null","0"
"9","22apr25_willsmith_sopgU","1650911631298","https://ucarecdn.com/f33bf293-eb6c-4c35-9f59-e3e58ea37286/","130.44.130.16","sensational","22apr25_willsmith","null","null","null","null","null","null","null","null","null","null","null","null","null","null","null","null","null","null","null","null","null","null","null","null","null","null","null","null","null","null","null","null","null","null","null","null","null","null","null","null","null","null","null","null","0"
"5","22apr25_willsmith_T9caK","1650911631298","https://ucarecdn.com/c44ddbe4-be98-47aa-8a00-857751143b2c/","130.44.130.16","sensational","22apr25_willsmith","null","null","null","null","null","null","null","null","null","null","null","null","null","null","null","null","null","null","null","null","null","null","null","null","null","null","null","null","null","null","null","null","null","null","null","null","null","null","null","null","null","null","null","null","0"
"5","22apr25_willsmith_uMzuf","1650911631298","https://ucarecdn.com/840e5657-0aae-4f1f-b7cc-02687fb122d4/","130.44.130.16","sensational","22apr25_willsmith","null","null","null","null","null","null","null","null","null","null","null","null","null","null","null","null","null","null","null","null","null","null","null","null","null","null","null","null","null","null","null","null","null","null","null","null","null","null","null","null","null","null","null","null","0"
"10","22apr25_willsmith_uNxBF","1650911631298","https://ucarecdn.com/f2ee371e-5b36-4bd6-bf3d-074a0da97540/","130.44.130.16","sensational","22apr25_willsmith","null","null","null","null","null","null","null","null","null","null","null","null","null","null","null","null","null","null","null","null","null","null","null","null","null","null","null","null","null","null","null","null","null","null","null","null","null","null","null","null","null","null","null","null","0"
"5","22apr25_willsmith_uookz","1650911631298","https://ucarecdn.com/446be685-09fc-4f64-be88-2850e0b19ef5/","130.44.130.16","sensational","22apr25_willsmith","null","null","null","null","null","null","null","null","null","null","null","null","null","null","null","null","null","null","null","null","null","null","null","null","null","null","null","null","null","null","null","null","null","null","null","null","null","null","null","null","null","null","null","null","0"
"5","22apr25_willsmith_urZ9A","1650911631298","https://ucarecdn.com/5df33b33-3777-4cfa-9357-323c4217efa6/","130.44.130.16","sensational","22apr25_willsmith","null","null","null","null","null","null","null","null","null","null","null","null","null","null","null","null","null","null","null","null","null","null","null","null","null","null","null","null","null","null","null","null","null","null","null","null","null","null","null","null","null","null","null","null","0"
"9","22apr25_willsmith_VV85F","1650911631298","https://ucarecdn.com/c1d18d4d-3978-462d-8739-93e242b58b07/","130.44.130.16","sensational","22apr25_willsmith","null","null","null","null","null","null","null","null","null","null","null","null","null","null","null","null","null","null","null","null","null","null","null","null","null","null","null","null","null","null","null","null","null","null","null","null","null","null","null","null","null","null","null","null","0"
"6","22apr25_willsmith_WzT5e","1650911631298","https://ucarecdn.com/94fdb256-9287-4713-96d3-605fea0d1577/","130.44.130.16","sensational","22apr25_willsmith","null","null","null","null","null","null","null","null","null","null","null","null","null","null","null","null","null","null","null","null","null","null","null","null","null","null","null","null","null","null","null","null","null","null","null","null","null","null","null","null","null","null","null","null","0"
"5","22apr25_willsmith_xOKzR","1650911631298","https://ucarecdn.com/5c9c3343-62a5-457f-8ba3-a561e5fcef8d/","130.44.130.16","sensational","22apr25_willsmith","null","null","null","null","null","null","null","null","null","null","null","null","null","null","null","null","null","null","null","null","null","null","null","null","null","null","null","null","null","null","null","null","null","null","null","null","null","null","null","null","null","null","null","null","0"
"8","22apr25_willsmith_y1Uok","1650911631298","https://ucarecdn.com/c0456c7b-d244-4df1-a7f0-51c7aec9a3a1/","130.44.130.16","sensational","22apr25_willsmith","null","null","null","null","null","null","null","null","null","null","null","null","null","null","null","null","null","null","null","null","null","null","null","null","null","null","null","null","null","null","null","null","null","null","null","null","null","null","null","null","null","null","null","null","0"
"7","22apr25_willsmith_YpgyM","1650911631298","https://ucarecdn.com/ef2d6cb9-bb68-4e44-91b6-c042ed58b914/","130.44.130.16","sensational","22apr25_willsmith","null","null","null","null","null","null","null","null","null","null","null","null","null","null","null","null","null","null","null","null","null","null","null","null","null","null","null","null","null","null","null","null","null","null","null","null","null","null","null","null","null","null","null","null","0"
"5","22apr25_willsmith_yZBn6","1650911631298","https://ucarecdn.com/1bd7ee91-5445-45ae-b868-63a1cefce405/","130.44.130.16","sensational","22apr25_willsmith","null","null","null","null","null","null","null","null","null","null","null","null","null","null","null","null","null","null","null","null","null","null","null","null","null","null","null","null","null","null","null","null","null","null","null","null","null","null","null","null","null","null","null","null","0"
"7","22apr25_willsmith_ZCFab","1650911631298","https://ucarecdn.com/837bff40-6fad-457b-8630-a4e8445b7407/","130.44.130.16","sensational","22apr25_willsmith","null","null","null","null","null","null","null","null","null","null","null","null","null","null","null","null","null","null","null","null","null","null","null","null","null","null","null","null","null","null","null","null","null","null","null","null","null","null","null","null","null","null","null","null","0"
"12","22apr25_youtube_pop_59s3Z","1650908190206","https://ucarecdn.com/7ea76a25-f2f7-48b4-83ea-3862bf65ea9e/","130.44.130.16","sensational","22apr25_youtube_pop","null","null","null","null","null","null","null","null","null","null","null","null","null","null","null","null","null","null","null","null","null","null","null","null","null","null","null","null","null","null","null","null","null","null","null","null","null","null","null","null","null","null","Funniest Cats ðŸ˜¹ - Don't try to hold back Laughter ðŸ˜‚ - Funny Cats Life","null","null"
"19","22apr25_youtube_pop_9nRXb","1650908190206","https://ucarecdn.com/471f250d-cc0d-4c24-8643-c022ae3e3672/","130.44.130.16","sensational","22apr25_youtube_pop","null","null","null","null","null","null","null","null","null","null","null","null","null","null","null","null","null","null","null","null","null","null","null","null","null","null","null","null","null","null","null","null","null","null","null","null","null","null","null","null","null","null","Baby Dogs ðŸ”´ Cute and Funny Dog Videos Compilation 